{"errors":[],"warnings":[],"namedChunkGroups":{"app":{"chunks":[5,0,1],"assets":["webpack-runtime-fe399b0f2ade295d56fa.js","webpack-runtime-fe399b0f2ade295d56fa.js.map","commons-7557bc0644f48f7343a4.js","commons-7557bc0644f48f7343a4.js.map","app-145bdcc1f1308c931eec.js","app-145bdcc1f1308c931eec.js.map"],"children":{},"childAssets":{}},"component---src-pages-404-js":{"chunks":[0,2],"assets":["commons-7557bc0644f48f7343a4.js","commons-7557bc0644f48f7343a4.js.map","component---src-pages-404-js-06800333a5cf83266c9d.js","component---src-pages-404-js-06800333a5cf83266c9d.js.map"],"children":{},"childAssets":{}},"component---src-pages-index-js":{"chunks":[4,0,3],"assets":["styles.20827af30c1a50dd27fc.css","styles-befadbdb944784e35374.js","styles-befadbdb944784e35374.js.map","commons-7557bc0644f48f7343a4.js","commons-7557bc0644f48f7343a4.js.map","component---src-pages-index-js-af254d176803a14cc34c.js","component---src-pages-index-js-af254d176803a14cc34c.js.map"],"children":{},"childAssets":{}}},"assetsByChunkName":{"app":["webpack-runtime-fe399b0f2ade295d56fa.js","commons-7557bc0644f48f7343a4.js","app-145bdcc1f1308c931eec.js"],"component---src-pages-404-js":["commons-7557bc0644f48f7343a4.js","component---src-pages-404-js-06800333a5cf83266c9d.js"],"component---src-pages-index-js":["styles.20827af30c1a50dd27fc.css","styles-befadbdb944784e35374.js","commons-7557bc0644f48f7343a4.js","component---src-pages-index-js-af254d176803a14cc34c.js"]}}